Order No.,Program, Drones , Duration, Complexity     
1,Sky Symphony,120, 12 minutes,Medium
2,Luminous Horizon,90, 10 minutes,Simple
3,Stellar Echoes,150, 14 minutes,High
4,Neon Nebula,200, 18 minutes,Very High
5,Chronos Cascade,130, 12 minutes,Medium
6,Aether Drift,180, 16 minutes,High
7,Orion Flight,250, 20 minutes,Very High
8,Celestial Circuit,100, 10 minutes,Simple
9,Infinity Pulse,300, 22 minutes,High
10,Photon Odyssey,220, 18 minutes,Medium
11,Sky Symphony,170, 14 minutes,High
12,Luminous Horizon,140, 12 minutes,Medium
13,Stellar Echoes,190, 16 minutes,Very High
14,Neon Nebula,210, 18 minutes,High
15,Chronos Cascade,110, 10 minutes,Simple
16,Aether Drift,230, 20 minutes,Very High
17,Orion Flight,270, 22 minutes,High
18,Celestial Circuit,160, 14 minutes,Medium
19,Infinity Pulse,240, 18 minutes,Very High
20,Photon Odyssey,130, 12 minutes,Simple
21,Sky Symphony,290, 24 minutes,High
22,Luminous Horizon,100, 10 minutes,Medium
23,Stellar Echoes,310, 26 minutes,Very High
24,Neon Nebula,150, 14 minutes,High
25,Chronos Cascade,200, 18 minutes,Medium
26,Aether Drift,180, 16 minutes,Simple
27,Orion Flight,220, 20 minutes,Very High
28,Celestial Circuit,250, 22 minutes,High
29,Infinity Pulse,120, 12 minutes,Medium
30,Photon Odyssey,300, 24 minutes,Very High
31,Sky Symphony,140, 14 minutes,High
32,Luminous Horizon,160, 16 minutes,Medium
33,Stellar Echoes,190, 18 minutes,Very High
34,Neon Nebula,210, 20 minutes,High
35,Chronos Cascade,230, 22 minutes,Medium
36,Aether Drift,260, 24 minutes,Very High
37,Orion Flight,280, 26 minutes,High
38,Celestial Circuit,100, 10 minutes,Simple
39,Infinity Pulse,150, 14 minutes,Medium
40,Photon Odyssey,200, 18 minutes,High
41,Sky Symphony,240, 22 minutes,Very High
42,Luminous Horizon,270, 24 minutes,High
43,Stellar Echoes,300, 26 minutes,Very High
44,Neon Nebula,130, 12 minutes,Medium
45,Chronos Cascade,170, 16 minutes,High
46,Aether Drift,190, 18 minutes,Very High
47,Orion Flight,220, 20 minutes,High
48,Celestial Circuit,250, 22 minutes,Medium
49,Infinity Pulse,280, 24 minutes,Very High
50,Photon Odyssey,310, 26 minutes,High
51,Sky Symphony,100, 10 minutes,Simple
52,Luminous Horizon,120, 12 minutes,Medium
53,Stellar Echoes,150, 14 minutes,High
54,Neon Nebula,180, 16 minutes,Very High
55,Chronos Cascade,200, 18 minutes,Medium
56,Aether Drift,220, 20 minutes,High
57,Orion Flight,240, 22 minutes,Very High
58,Celestial Circuit,260, 24 minutes,High
59,Infinity Pulse,280, 26 minutes,Very High
60,Photon Odyssey,300, 28 minutes,High
61,Sky Symphony,110, 10 minutes,Simple
62,Luminous Horizon,130, 12 minutes,Medium
63,Stellar Echoes,160, 14 minutes,High
64,Neon Nebula,190, 16 minutes,Very High
65,Chronos Cascade,210, 18 minutes,Medium
66,Aether Drift,230, 20 minutes,High
67,Orion Flight,250, 22 minutes,Very High
68,Celestial Circuit,270, 24 minutes,High
69,Infinity Pulse,290, 26 minutes,Very High
70,Photon Odyssey,310, 28 minutes,High
71,Sky Symphony,100, 10 minutes,Simple
72,Luminous Horizon,120, 12 minutes,Medium
73,Stellar Echoes,150, 14 minutes,High
74,Neon Nebula,180, 16 minutes,Very High
75,Chronos Cascade,200, 18 minutes,Medium
76,Aether Drift,220, 20 minutes,High
77,Orion Flight,240, 22 minutes,Very High
78,Celestial Circuit,260, 24 minutes,High
79,Infinity Pulse,280, 26 minutes,Very High
80,Photon Odyssey,300, 28 minutes,High
81,Sky Symphony,110, 10 minutes,Simple
82,Luminous. Horizon,130, 12 minutes,Medium
83,Stellar Echoes,160, 14 minutes,High
84,Neon Nebula,190, 16 minutes,Very High
85,Chronos. Cascade,210, 18 minutes,Medium
86,Aether Drift,230, 20 minutes,High
87,Orion Flight,250, 22 minutes,Very High
88,Celestial Circuit,270, 24 minutes,High
89,Infinity Pulse,290, 26 minutes,Very High
90,Photon Odyssey,310, 28 minutes,High
91,Sky Symphony,100, 10 minutes,Simple
92,Luminous Horizon,120, 12 minutes,Medium
93,Stellar Echoes,150, 14 minutes,High
94,Neon Nebula,180, 16 minutes,Very High
95,Chronos Cascade,200, 18 minutes,Medium
96,Aether Drift,220, 20 minutes,High
97,Orion Flight,240, 22 minutes,Very High
98,Celestial Circuit,260, 24 minutes,High
99,Infinity Pulse,280, 26 minutes,Very High
100,. Photon Odyssey,300, 28 minutes,High
